{
    "2025-04-30": [
        {
            "text": "hello world",
            "isPublic": false,
            "hashtags": []
        },
        {
            "text": "hello world",
            "isPublic": false,
            "hashtags": []
        },
        {
            "text": "hello public world",
            "isPublic": true,
            "hashtags": [
                "helloWorld"
            ]
        },
        {
            "text": "hello",
            "isPublic": false,
            "hashtags": []
        }
    ],
    "2025-04-29": [
        {
            "text": "hello",
            "isPublic": false,
            "hashtags": []
        }
    ]
}